"filename", "language", "PostCSS", "HTML", "JavaScript", "Markdown", "comment", "blank", "total"
"/users/info/etu-1a/silventt/SAE-1.05-06/README.md", "Markdown", 0, 0, 0, 84, 0, 44, 128
"/users/info/etu-1a/silventt/SAE-1.05-06/css/banner.css", "PostCSS", 48, 0, 0, 0, 4, 8, 60
"/users/info/etu-1a/silventt/SAE-1.05-06/css/candidature.css", "PostCSS", 80, 0, 0, 0, 2, 15, 97
"/users/info/etu-1a/silventt/SAE-1.05-06/css/colors.css", "PostCSS", 18, 0, 0, 0, 16, 15, 49
"/users/info/etu-1a/silventt/SAE-1.05-06/css/competences.css", "PostCSS", 33, 0, 0, 0, 1, 5, 39
"/users/info/etu-1a/silventt/SAE-1.05-06/css/contact.css", "PostCSS", 95, 0, 0, 0, 0, 19, 114
"/users/info/etu-1a/silventt/SAE-1.05-06/css/footer.css", "PostCSS", 37, 0, 0, 0, 1, 11, 49
"/users/info/etu-1a/silventt/SAE-1.05-06/css/index.css", "PostCSS", 55, 0, 0, 0, 2, 9, 66
"/users/info/etu-1a/silventt/SAE-1.05-06/css/journee-type.css", "PostCSS", 22, 0, 0, 0, 2, 4, 28
"/users/info/etu-1a/silventt/SAE-1.05-06/css/metiers.css", "PostCSS", 54, 0, 0, 0, 0, 9, 63
"/users/info/etu-1a/silventt/SAE-1.05-06/css/navbar.css", "PostCSS", 69, 0, 0, 0, 1, 18, 88
"/users/info/etu-1a/silventt/SAE-1.05-06/css/style.css", "PostCSS", 49, 0, 0, 0, 2, 11, 62
"/users/info/etu-1a/silventt/SAE-1.05-06/css/temoignages.css", "PostCSS", 66, 0, 0, 0, 0, 10, 76
"/users/info/etu-1a/silventt/SAE-1.05-06/js/contact.js", "JavaScript", 0, 0, 13, 0, 0, 5, 18
"/users/info/etu-1a/silventt/SAE-1.05-06/js/cv.js", "JavaScript", 0, 0, 11, 0, 4, 1, 16
"/users/info/etu-1a/silventt/SAE-1.05-06/js/map.js", "JavaScript", 0, 0, 828, 0, 9, 8, 845
"/users/info/etu-1a/silventt/SAE-1.05-06/js/theme.js", "JavaScript", 0, 0, 37, 0, 6, 5, 48
"/users/info/etu-1a/silventt/SAE-1.05-06/pages/candidature.html", "HTML", 0, 195, 0, 0, 0, 20, 215
"/users/info/etu-1a/silventt/SAE-1.05-06/pages/competences.html", "HTML", 0, 141, 0, 0, 0, 19, 160
"/users/info/etu-1a/silventt/SAE-1.05-06/pages/contact.html", "HTML", 0, 188, 0, 0, 0, 22, 210
"/users/info/etu-1a/silventt/SAE-1.05-06/pages/index.html", "HTML", 0, 164, 0, 0, 0, 16, 180
"/users/info/etu-1a/silventt/SAE-1.05-06/pages/journee-type.html", "HTML", 0, 130, 0, 0, 0, 15, 145
"/users/info/etu-1a/silventt/SAE-1.05-06/pages/metiers.html", "HTML", 0, 201, 0, 0, 0, 18, 219
"/users/info/etu-1a/silventt/SAE-1.05-06/pages/qui-sommes-nous.html", "HTML", 0, 168, 0, 0, 0, 18, 186
"/users/info/etu-1a/silventt/SAE-1.05-06/pages/temoignages.html", "HTML", 0, 197, 0, 0, 0, 20, 217
"Total", "-", 626, 1384, 889, 84, 50, 345, 3378